{"cameraMode":{"drawMode":0,"name":"Shaded","section":"Shading Mode"},"sceneLighting":false,"audioPlay":false,"sceneViewState":{"m_AlwaysRefresh":false,"showFog":true,"showSkybox":true,"showFlares":true,"showImageEffects":true,"showParticleSystems":true,"showVisualEffectGraphs":true,"m_FxEnabled":true},"in2DMode":false,"pivot":{"x":4.047508716583252,"y":0.42955824732780459,"z":-1.5583633184432984},"rotation":{"x":0.25336354970932009,"y":-0.7365139126777649,"z":0.3667542040348053,"w":0.5088594555854797},"size":2.9026317596435549,"orthographic":false}