{"cameraMode":{"drawMode":0,"name":"Shaded","section":"Shading Mode"},"sceneLighting":false,"audioPlay":false,"sceneViewState":{"m_AlwaysRefresh":false,"showFog":true,"showSkybox":true,"showFlares":true,"showImageEffects":true,"showParticleSystems":true,"showVisualEffectGraphs":true,"m_FxEnabled":true},"in2DMode":false,"pivot":{"x":5.677512168884277,"y":5.221269130706787,"z":-15.459882736206055},"rotation":{"x":-0.2831709384918213,"y":-0.03634003922343254,"z":0.010738635435700417,"w":-0.9583244323730469},"size":2.3790183067321779,"orthographic":false}